{
  "best_hparams": {
    "dense_units": 288,
    "dropout_rate": 0.39222901002335664,
    "learning_rate": 0.00036749242415769933,
    "batch_size": 24,
    "l2_weight_decay": 1.1088548786280612e-05,
    "unfrozen_blocks": 0,
    "epochs": 8
  },
  "best_val_accuracy": 0.8934426307678223,
  "history_best_acc": [
    0.8729507923126221,
    0.8729507923126221,
    0.875,
    0.875,
    0.875,
    0.875,
    0.875,
    0.875,
    0.875,
    0.875,
    0.875,
    0.875,
    0.875,
    0.875,
    0.875,
    0.8893442749977112,
    0.8893442749977112,
    0.8893442749977112,
    0.8893442749977112,
    0.8934426307678223,
    0.8934426307678223,
    0.8934426307678223
  ],
  "eval_count": 252,
  "wall_time_sec": 4136.856864929199
}