{"accuracy": [0.6176470518112183, 0.7778280377388, 0.8194569945335388, 0.8633484244346619, 0.881447970867157, 0.9049773812294006, 0.9063348174095154, 0.9289592504501343, 0.9366515874862671, 0.959728479385376], "loss": [0.9374921321868896, 0.5869685411453247, 0.47454702854156494, 0.3943970501422882, 0.3347613215446472, 0.2878178060054779, 0.2597939074039459, 0.21441473066806793, 0.19224393367767334, 0.16064895689487457], "val_accuracy": [0.7902542352676392, 0.8156779408454895, 0.8728813529014587, 0.8580508232116699, 0.8813559412956238, 0.8983050584793091, 0.875, 0.8898305296897888, 0.8898305296897888, 0.9046609997749329], "val_loss": [0.5638188719749451, 0.4880204200744629, 0.39490368962287903, 0.39681753516197205, 0.33967217803001404, 0.31025800108909607, 0.34652072191238403, 0.30962103605270386, 0.29595693945884705, 0.278222918510437]}