iteration,best_val_acc
0,0.8934426307678223
1,0.8934426307678223
2,0.8934426307678223
3,0.8934426307678223
