iteration,best_val_acc
0,0.8586065769195557
1,0.875
2,0.8893442749977112
3,0.8893442749977112
