{
  "best_hparams": {
    "dense_units": 224,
    "dropout_rate": 0.4101705639660115,
    "learning_rate": 0.00010980734628354943,
    "batch_size": 24,
    "l2_weight_decay": 0.0001,
    "unfrozen_blocks": 1,
    "epochs": 8
  },
  "best_val_accuracy": 0.8516949415206909,
  "history_best_acc": [
    0.819915235042572,
    0.8495762944221497,
    0.8495762944221497,
    0.8495762944221497,
    0.8495762944221497,
    0.8495762944221497,
    0.8495762944221497,
    0.8516949415206909,
    0.8516949415206909,
    0.8516949415206909,
    0.8516949415206909
  ],
  "eval_count": 100,
  "wall_time_sec": 1494.8527007102966
}