iteration,best_val_acc
0,0.819915235042572
1,0.8495762944221497
2,0.8495762944221497
3,0.8495762944221497
4,0.8495762944221497
5,0.8495762944221497
6,0.8495762944221497
7,0.8516949415206909
8,0.8516949415206909
9,0.8516949415206909
10,0.8516949415206909
