iteration,best_val_acc
0,0.8411017060279846
1,0.8411017060279846
2,0.8432203531265259
