{
  "best_hparams": {
    "dense_units": 464,
    "dropout_rate": 0.44398318230843714,
    "learning_rate": 0.0002778053749649431,
    "batch_size": 16,
    "l2_weight_decay": 2.1849644974893844e-06,
    "unfrozen_blocks": 0,
    "epochs": 8
  },
  "best_val_accuracy": 0.8913934230804443,
  "history_best_acc": [
    0.8709016442298889,
    0.8709016442298889,
    0.8709016442298889,
    0.8729507923126221,
    0.8729507923126221,
    0.8729507923126221,
    0.8729507923126221,
    0.8790983557701111,
    0.8790983557701111,
    0.8790983557701111,
    0.8790983557701111,
    0.8790983557701111,
    0.8790983557701111,
    0.8790983557701111,
    0.8831967115402222,
    0.8831967115402222,
    0.8831967115402222,
    0.8831967115402222,
    0.8831967115402222,
    0.8831967115402222,
    0.8831967115402222,
    0.8913934230804443
  ],
  "eval_count": 252,
  "wall_time_sec": 3728.4559133052826
}